champion_model,calibration_method,val_PR_AUC,val_ROC_AUC,val_F2_score,val_precision,val_recall,val_brier_score,val_threshold,val_predicted_positive_rate,val_mean_predicted_probability,val_actual_positive_rate,val_calibration_gap_mean_minus_actual,val_TN,val_FP,val_FN,val_TP,test_PR_AUC,test_ROC_AUC,test_F2_score,test_precision,test_recall,test_brier_score,test_threshold,test_predicted_positive_rate,test_mean_predicted_probability,test_actual_positive_rate,test_calibration_gap_mean_minus_actual,test_TN,test_FP,test_FN,test_TP
Logistic Regression balanced,isotonic,0.35505246412398933,0.7634527054781732,0.4894433781190019,0.18411552346570398,0.8360655737704918,0.0896095939092802,0.08,0.554,0.122,0.122,0.0,213,226,10,51,0.3258641636635556,0.7308712121212121,0.47713717693836977,0.18250950570342206,0.8,0.09181933267341989,0.08,0.526,0.1190339613927612,0.12,-0.0009660386072387894,225,215,12,48
Logistic Regression balanced,sigmoid,0.3601374573406388,0.7419993278315098,0.47435897435897434,0.2534246575342466,0.6065573770491803,0.0953008924550632,0.13,0.292,0.12200227969397304,0.122,2.2796939730396204e-06,330,109,24,37,0.33638950321728867,0.7301136363636362,0.4359673024523161,0.25196850393700787,0.5333333333333333,0.09418799580249937,0.13,0.254,0.1198578107149037,0.12,-0.0001421892850962947,345,95,28,32
Logistic Regression balanced,raw_uncalibrated,0.3601374573406388,0.7419993278315098,0.4875717017208413,0.1827956989247312,0.8360655737704918,0.18419918303986743,0.36000000000000004,0.558,0.4131938466154891,0.122,0.2911938466154891,211,228,10,51,0.33638950321728867,0.7301136363636362,0.47244094488188976,0.1791044776119403,0.8,0.1809035533835106,0.36000000000000004,0.536,0.4048381522520889,0.12,0.2848381522520889,220,220,12,48
