champion_model,calibration_method,val_PR_AUC,val_ROC_AUC,val_F2_score,val_precision,val_recall,val_brier_score,val_threshold,val_predicted_positive_rate,val_mean_predicted_probability,val_actual_positive_rate,val_calibration_gap_mean_minus_actual,val_TN,val_FP,val_FN,val_TP,test_PR_AUC,test_ROC_AUC,test_F2_score,test_precision,test_recall,test_brier_score,test_threshold,test_predicted_positive_rate,test_mean_predicted_probability,test_actual_positive_rate,test_calibration_gap_mean_minus_actual,test_TN,test_FP,test_FN,test_TP
XGBoost weighted,isotonic,0.35226075606926827,0.7614175286605176,0.4896907216494845,0.2638888888888889,0.6229508196721312,0.08966931246608667,0.09,0.288,0.12200000062584877,0.122,6.258487755816944e-10,333,106,23,38,0.3147198134589709,0.7314015151515152,0.4666666666666667,0.25925925925925924,0.5833333333333334,0.0923138549704944,0.09,0.27,0.12168969754874706,0.12,0.0016896975487470656,340,100,25,35
XGBoost weighted,sigmoid,0.36750612541786937,0.7365286231748759,0.4884318766066838,0.2620689655172414,0.6229508196721312,0.09917004318604934,0.13,0.29,0.12201001713307974,0.122,1.0017133079742724e-05,332,107,23,38,0.37094244339604354,0.7364015151515151,0.4654255319148936,0.25735294117647056,0.5833333333333334,0.09767710945075454,0.13,0.272,0.12083607195955227,0.12,0.0008360719595522786,339,101,25,35
XGBoost weighted,raw_uncalibrated,0.36750612541786937,0.7365286231748759,0.4884318766066838,0.2620689655172414,0.6229508196721312,0.19242933706928914,0.47000000000000003,0.29,0.43233816987276075,0.122,0.31033816987276075,332,107,23,38,0.37094244339604354,0.7364015151515151,0.4654255319148936,0.25735294117647056,0.5833333333333334,0.19039076180891149,0.47000000000000003,0.272,0.42950802889466283,0.12,0.30950802889466283,339,101,25,35
