model,features_used,val_PR_AUC,val_ROC_AUC,val_F2_score,val_precision,val_recall,val_brier_score,val_threshold,val_predicted_positive_rate,val_TN,val_FP,val_FN,val_TP,test_PR_AUC,test_ROC_AUC,test_F2_score,test_precision,test_recall,test_brier_score,test_threshold,test_predicted_positive_rate,test_TN,test_FP,test_FN,test_TP
XGBoost weighted,numeric+categorical,0.36510717059331904,0.743679749057097,0.48423423423423423,0.215,0.7049180327868853,0.155877340860899,0.36000000000000004,0.4,282,157,18,43,0.3676429792356028,0.7396969696969696,0.4691075514874142,0.20812182741116753,0.6833333333333333,0.1540775130081463,0.36000000000000004,0.394,284,156,19,41
Random Forest balanced,numeric+categorical,0.329353074162747,0.7218716158183651,0.47126436781609193,0.21465968586387435,0.6721311475409836,0.1309352172924938,0.31,0.382,289,150,20,41,0.37228206863386853,0.7415909090909091,0.4846335697399527,0.22404371584699453,0.6833333333333333,0.1268573990422112,0.31,0.366,298,142,19,41
Extra Trees balanced,numeric+categorical,0.3131297353334709,0.7116023749953322,0.46296296296296297,0.2127659574468085,0.6557377049180327,0.16915946653616998,0.4,0.376,291,148,21,40,0.35034040276646766,0.7247348484848486,0.43478260869565216,0.20689655172413793,0.6,0.16667623969054188,0.4,0.348,302,138,24,36
Logistic Regression balanced,numeric+categorical,0.2923690065800539,0.6998394264162218,0.4875,0.25,0.639344262295082,0.1796487284848712,0.46,0.312,322,117,22,39,0.33376788580791655,0.6866666666666666,0.39893617021276595,0.22058823529411764,0.5,0.17663920109106096,0.46,0.272,334,106,30,30
Dummy prior,numeric+categorical,0.122,0.5,0.4099462365591398,0.122,1.0,0.10711756959609721,0.01,1.0,0,439,0,61,0.12,0.5,0.40540540540540543,0.12,1.0,0.10560055825520329,0.01,1.0,0,440,0,60
