score_name,top_k_share,top_k_customer_count,baseline_churn_rate,precision_at_k,lift_vs_baseline,churn_count_at_k,recall_at_k,min_score_in_top_k,mean_score_in_top_k,max_score_in_top_k
p_churn_calibrated,0.05,125,0.1208483393357343,0.504,4.170516556291391,63,0.20860927152317882,0.5263157894736842,0.5460684537664032,1.0
p_churn_calibrated,0.1,250,0.1208483393357343,0.424,3.508529801324503,106,0.3509933774834437,0.2,0.4641680260633909,1.0
p_churn_calibrated,0.2,500,0.1208483393357343,0.314,2.598298013245033,157,0.5198675496688742,0.11666666666666667,0.3249696373888301,1.0
expected_incremental_profit_base,0.05,125,0.1208483393357343,0.12,0.992980132450331,15,0.04966887417218543,-4.146181896135572,-3.787953763437602,-1.749716340581101
expected_incremental_profit_base,0.1,250,0.1208483393357343,0.112,0.9267814569536423,28,0.09271523178807947,-4.347636012377912,-4.025952655602432,-1.749716340581101
expected_incremental_profit_base,0.2,500,0.1208483393357343,0.13,1.075728476821192,65,0.2152317880794702,-4.559167410225253,-4.249274573729879,-1.749716340581101
