score_name,top_k_share,top_k_customer_count,baseline_churn_rate,precision_at_k,lift_vs_baseline,churn_count_at_k,recall_at_k,min_score_in_top_k,mean_score_in_top_k,max_score_in_top_k
p_churn_calibrated,0.05,125,0.1208483393357343,0.512,4.23671523178808,64,0.2119205298013245,0.5080576929798861,0.6127581385176096,1.0
p_churn_calibrated,0.1,250,0.1208483393357343,0.42,3.4754304635761586,105,0.347682119205298,0.32978793107176246,0.529875597758318,1.0
p_churn_calibrated,0.2,500,0.1208483393357343,0.33,2.7306953642384104,165,0.5463576158940397,0.14285714285714285,0.3538146798959358,1.0
risk_value_score,0.05,125,0.1208483393357343,0.096,0.7943841059602649,12,0.039735099337748346,58.77205801157537,82.98403331384674,333.0916801725899
risk_value_score,0.1,250,0.1208483393357343,0.124,1.0260794701986755,31,0.10264900662251655,46.476879528125416,67.51430159152646,333.0916801725899
risk_value_score,0.2,500,0.1208483393357343,0.136,1.1253774834437087,68,0.2251655629139073,33.10507531757214,53.13455659375557,333.0916801725899
expected_incremental_profit_base,0.05,125,0.1208483393357343,0.096,0.7943841059602649,12,0.039735099337748346,-4.265349274855308,-3.962699583576915,-0.8363539978426253
expected_incremental_profit_base,0.1,250,0.1208483393357343,0.124,1.0260794701986755,31,0.10264900662251655,-4.419039005898433,-4.156071230105919,-0.8363539978426253
expected_incremental_profit_base,0.2,500,0.1208483393357343,0.136,1.1253774834437087,68,0.2251655629139073,-4.586186558530349,-4.3358180425780555,-0.8363539978426253
